Project,Duration (in minutes),Start date,End date
Learning,31.88333333,2023-03-04 16:11,2023-03-04 16:43
Work,16.85,2023-03-03 16:03,2023-03-03 16:19
Work,27.26666667,2023-03-03 14:34,2023-03-03 15:01
Work,25.51666667,2023-03-03 13:54,2023-03-03 14:19
Work,17.01666667,2023-03-03 09:56,2023-03-03 10:13
Work,8.55,2023-03-03 09:12,2023-03-03 09:20
Learning,30.51666667,2023-03-02 19:09,2023-03-02 19:40
Learning,27.21666667,2023-03-02 18:13,2023-03-02 18:41
Work,37.23333333,2023-03-02 17:11,2023-03-02 17:48
Work,25.55,2023-03-02 16:36,2023-03-02 17:01
Work,18.13333333,2023-03-02 12:44,2023-03-02 13:02
Work,7.466666667,2023-03-02 10:24,2023-03-02 10:32
Learning,30.98333333,2023-03-01 20:13,2023-03-01 20:44
Learning,29.81666667,2023-03-01 18:19,2023-03-01 18:48
Work,25.26666667,2023-03-01 17:06,2023-03-01 17:31
Work,27.18333333,2023-03-01 16:18,2023-03-01 16:45
Work,26.18333333,2023-03-01 15:39,2023-03-01 16:05
Work,11.6,2023-03-01 14:33,2023-03-01 14:45
Work,32.13333333,2023-03-01 12:18,2023-03-01 12:50
Work,29.95,2023-03-01 11:40,2023-03-01 12:10
Work,37.15,2023-03-01 10:02,2023-03-01 10:39
Learning,25.88333333,2023-02-28 20:20,2023-02-28 20:46
Learning,27.13333333,2023-02-28 19:18,2023-02-28 19:45
Work,23.31666667,2023-02-28 16:40,2023-02-28 17:03
Work,26.63333333,2023-02-28 15:42,2023-02-28 16:09
Work,13.51666667,2023-02-28 15:06,2023-02-28 15:19
Work,26.46666667,2023-02-28 14:26,2023-02-28 14:52
Work,25.58333333,2023-02-28 13:37,2023-02-28 14:02
Work,31.35,2023-02-28 12:26,2023-02-28 12:57
Work,26.3,2023-02-28 11:32,2023-02-28 11:58
Work,32.11666667,2023-02-28 10:26,2023-02-28 10:58
Work,20.93333333,2023-02-27 16:42,2023-02-27 17:03
Work,28.58333333,2023-02-27 15:50,2023-02-27 16:19
Work,29.16666667,2023-02-27 14:09,2023-02-27 14:38
Work,27.78333333,2023-02-27 13:23,2023-02-27 13:51
Work,16.36666667,2023-02-27 12:14,2023-02-27 12:30
Work,25.28333333,2023-02-27 11:30,2023-02-27 11:55
Learning,26.43333333,2023-02-25 15:34,2023-02-25 16:00
Work,42.7,2023-02-24 15:18,2023-02-24 16:05
Work,40.96666667,2023-02-24 13:49,2023-02-24 14:30
Work,11.8,2023-02-24 11:37,2023-02-24 11:49
Work,14.13333333,2023-02-24 10:30,2023-02-24 10:44
Work,28.45,2023-02-24 08:49,2023-02-24 09:21
Learning,27.7,2023-02-23 20:01,2023-02-23 20:29
Learning,28.36666667,2023-02-23 19:27,2023-02-23 19:56
Work,27.93333333,2023-02-23 17:07,2023-02-23 17:35
Work,25.73333333,2023-02-23 16:19,2023-02-23 16:45
Work,28.18333333,2023-02-23 14:24,2023-02-23 14:58
Work,26.78333333,2023-02-23 13:39,2023-02-23 14:05
Work,15.05,2023-02-23 11:45,2023-02-23 12:00
Learning,30.55,2023-02-22 19:15,2023-02-22 19:45
Learning,25.33333333,2023-02-22 18:20,2023-02-22 18:45
Work,51.6,2023-02-22 16:17,2023-02-22 17:08
Work,22.11666667,2023-02-22 14:23,2023-02-22 14:46
Work,16.51666667,2023-02-22 13:22,2023-02-22 13:38
Learning,35,2023-02-22 09:34,2023-02-22 10:09
Learning,26.86666667,2023-02-21 19:20,2023-02-21 19:47
Learning,27.95,2023-02-21 18:45,2023-02-21 19:13
Work,25.78333333,2023-02-21 16:57,2023-02-21 17:23
Work,27.16666667,2023-02-21 15:39,2023-02-21 16:06
Work,25.6,2023-02-21 14:40,2023-02-21 15:06
Work,26.15,2023-02-21 13:26,2023-02-21 13:52
Work,36.25,2023-02-21 12:26,2023-02-21 13:02
Work,42.8,2023-02-21 11:08,2023-02-21 11:51
Work,8.666666667,2023-02-21 10:23,2023-02-21 10:31
Work,16.03333333,2023-02-21 09:03,2023-02-21 09:19
Learning,31.28333333,2023-02-20 20:37,2023-02-20 21:08
Learning,26.2,2023-02-20 19:10,2023-02-20 19:37
Work,36.18333333,2023-02-20 16:26,2023-02-20 17:03
Work,31.11666667,2023-02-20 15:15,2023-02-20 15:46
Work,25.66666667,2023-02-20 14:28,2023-02-20 14:54
Work,29.05,2023-02-20 13:20,2023-02-20 13:49
Work,35.5,2023-02-20 11:58,2023-02-20 12:34
Work,25.51666667,2023-02-20 09:56,2023-02-20 10:22
Work,11.81666667,2023-02-20 09:10,2023-02-20 09:21
Learning,46.95,2023-02-18 19:03,2023-02-18 19:50
Learning,29.43333333,2023-02-18 17:59,2023-02-18 18:28
Work,42.65,2023-02-17 14:59,2023-02-17 15:41
Work,27.63333333,2023-02-17 14:13,2023-02-17 14:40
Work,27.81666667,2023-02-17 10:59,2023-02-17 11:27
Work,27.78333333,2023-02-16 17:12,2023-02-16 17:40
Work,10.4,2023-02-16 14:49,2023-02-16 15:00
Work,32.76666667,2023-02-16 13:47,2023-02-16 14:20
Work,51.9,2023-02-16 11:19,2023-02-16 12:11
Work,4.333333333,2023-02-16 10:16,2023-02-16 10:21
Work,47.28333333,2023-02-16 08:34,2023-02-16 09:21
Work,19.91666667,2023-02-15 19:20,2023-02-15 19:40
Work,25.68333333,2023-02-15 17:40,2023-02-15 18:06
Work,32.96666667,2023-02-15 15:34,2023-02-15 16:07
Work,24.31666667,2023-02-15 14:20,2023-02-15 14:44
Work,26.05,2023-02-15 13:35,2023-02-15 14:01
Work,16.9,2023-02-15 12:19,2023-02-15 12:36
Work,15.6,2023-02-15 10:30,2023-02-15 10:46
Work,11.41666667,2023-02-15 09:53,2023-02-15 10:04
Work,17.6,2023-02-15 09:01,2023-02-15 09:19
Work,27.86666667,2023-02-15 08:27,2023-02-15 08:55
Work,40.26666667,2023-02-14 17:25,2023-02-14 18:05
Work,27.46666667,2023-02-14 16:42,2023-02-14 17:10
Work,25.88333333,2023-02-14 15:58,2023-02-14 16:24
Work,32.28333333,2023-02-14 15:13,2023-02-14 15:45
Work,30.86666667,2023-02-14 14:16,2023-02-14 14:47
Work,14.3,2023-02-14 11:45,2023-02-14 12:00
Work,26.98333333,2023-02-14 11:07,2023-02-14 11:34
Work,26.01666667,2023-02-14 09:38,2023-02-14 10:04
Work,7.983333333,2023-02-14 09:11,2023-02-14 09:19
Work,38.85,2023-02-13 15:51,2023-02-13 16:30
Work,33.81666667,2023-02-13 14:23,2023-02-13 14:57
Work,25.55,2023-02-13 13:05,2023-02-13 13:30
Work,26.51666667,2023-02-13 12:09,2023-02-13 12:36
Work,26.86666667,2023-02-13 11:32,2023-02-13 11:59
Work,34.91666667,2023-02-10 15:44,2023-02-10 16:19
Work,24.58333333,2023-02-10 14:35,2023-02-10 15:00
Work,33.73333333,2023-02-10 11:22,2023-02-10 12:01
Work,42.46666667,2023-02-10 10:30,2023-02-10 11:13
Work,28.66666667,2023-02-10 09:55,2023-02-10 10:23
Work,40.5,2023-02-09 19:32,2023-02-09 20:12
Work,28.66666667,2023-02-09 18:53,2023-02-09 19:21
Work,14.38333333,2023-02-09 18:04,2023-02-09 18:18
Work,15.38333333,2023-02-09 17:40,2023-02-09 17:56
Work,28.46666667,2023-02-09 16:56,2023-02-09 17:25
Work,26.31666667,2023-02-09 16:18,2023-02-09 16:44
Work,7.55,2023-02-09 15:04,2023-02-09 15:11
Work,38.88333333,2023-02-09 13:35,2023-02-09 14:14
Work,25.75,2023-02-09 12:36,2023-02-09 13:02
Work,22,2023-02-09 10:08,2023-02-09 10:30
Work,14.68333333,2023-02-08 16:38,2023-02-08 16:52
Work,32.1,2023-02-08 16:00,2023-02-08 16:32
Work,26.01666667,2023-02-08 15:24,2023-02-08 15:50
Work,36.9,2023-02-08 13:55,2023-02-08 14:32
Work,25.43333333,2023-02-08 13:09,2023-02-08 13:35
Work,33.96666667,2023-02-08 10:12,2023-02-08 10:46
Learning,32.58333333,2023-02-07 17:44,2023-02-07 18:17
Work,25.35,2023-02-07 16:39,2023-02-07 17:04
Work,30.55,2023-02-07 16:00,2023-02-07 16:30
Work,26.16666667,2023-02-07 15:18,2023-02-07 15:44
Work,29.06666667,2023-02-07 14:39,2023-02-07 15:08
Work,49.53333333,2023-02-07 12:28,2023-02-07 13:18
Work,28.43333333,2023-02-07 11:32,2023-02-07 12:01
Work,30.4,2023-02-06 17:10,2023-02-06 17:40
Work,35.18333333,2023-02-06 16:11,2023-02-06 16:46
Work,31.11666667,2023-02-06 15:29,2023-02-06 16:00
Work,26.61666667,2023-02-06 14:45,2023-02-06 15:12
Work,25.9,2023-02-06 13:45,2023-02-06 14:11
Work,31.43333333,2023-02-06 12:57,2023-02-06 13:29
Work,31.06666667,2023-02-06 11:14,2023-02-06 11:45
Work,30.2,2023-02-06 09:54,2023-02-06 10:30
Work,19.56666667,2023-02-06 08:59,2023-02-06 09:19
Work,43.63333333,2023-02-03 15:22,2023-02-03 16:11
Work,38.3,2023-02-03 14:03,2023-02-03 14:41
Work,22.08333333,2023-02-03 11:40,2023-02-03 12:02
Work,27.11666667,2023-02-03 10:58,2023-02-03 11:25
Work,17.98333333,2023-02-03 10:16,2023-02-03 10:34
Work,34.76666667,2023-02-02 16:02,2023-02-02 16:37
Work,28.61666667,2023-02-02 14:32,2023-02-02 15:00
Work,30.53333333,2023-02-02 13:40,2023-02-02 14:11
Work,29.26666667,2023-02-02 12:54,2023-02-02 13:24
Work,44.28333333,2023-02-01 17:34,2023-02-01 18:18
Work,42.55,2023-02-01 16:16,2023-02-01 16:58
Work,30.85,2023-02-01 15:37,2023-02-01 16:08
Work,31.8,2023-02-01 15:00,2023-02-01 15:32
Work,52.4,2023-02-01 12:58,2023-02-01 13:50
Work,30.3,2023-02-01 11:54,2023-02-01 12:24
Work,25.13333333,2023-02-01 10:21,2023-02-01 10:46
Work,35.93333333,2023-01-31 17:54,2023-01-31 18:30
Work,27.63333333,2023-01-31 17:19,2023-01-31 17:46
Work,28.05,2023-01-31 16:24,2023-01-31 16:52
Work,25.73333333,2023-01-31 15:27,2023-01-31 15:53
Work,21.96666667,2023-01-31 12:29,2023-01-31 12:51
Work,26.13333333,2023-01-31 11:17,2023-01-31 11:44
Work,27.9,2023-01-31 10:40,2023-01-31 11:08
Work,33.7,2023-01-30 16:25,2023-01-30 16:58
Work,27.91666667,2023-01-30 15:31,2023-01-30 15:59
Work,33.33333333,2023-01-30 13:52,2023-01-30 14:26
Work,28.41666667,2023-01-30 12:08,2023-01-30 12:36
Work,29.5,2023-01-30 11:17,2023-01-30 11:47
Work,12.45,2023-01-30 10:19,2023-01-30 10:32
Work,4.25,2023-01-30 09:15,2023-01-30 09:19
Work,28.36666667,2023-01-27 16:02,2023-01-27 16:31
Work,28.8,2023-01-27 11:29,2023-01-27 11:58
Work,25.53333333,2023-01-27 10:52,2023-01-27 11:18
Work,30.36666667,2023-01-26 18:50,2023-01-26 19:21
Work,25.36666667,2023-01-26 18:09,2023-01-26 18:35
Work,29.85,2023-01-26 17:15,2023-01-26 17:45
Work,27.35,2023-01-26 16:20,2023-01-26 16:48
Work,29.28333333,2023-01-26 13:58,2023-01-26 14:27
Work,13.08333333,2023-01-26 09:05,2023-01-26 09:18
Work,26.33333333,2023-01-25 16:58,2023-01-25 17:25
Work,27.28333333,2023-01-25 13:33,2023-01-25 14:00
Work,26.21666667,2023-01-25 12:58,2023-01-25 13:25
Learning,25,2023-01-25 10:14,2023-01-25 10:39
Work,53.86666667,2023-01-24 19:15,2023-01-24 20:09
Work,24.73333333,2023-01-24 18:20,2023-01-24 18:45
Work,31.98333333,2023-01-24 16:15,2023-01-24 16:47
Learning,127.45,2023-01-23 19:04,2023-01-23 21:12
Work,32.93333333,2023-01-23 16:32,2023-01-23 17:05
Work,24.81666667,2023-01-23 15:42,2023-01-23 16:07
Work,29.25,2023-01-23 14:59,2023-01-23 15:28
Work,25.63333333,2023-01-23 14:20,2023-01-23 14:45
Work,27.7,2023-01-23 13:12,2023-01-23 13:40
Learning,36.63333333,2023-01-23 11:33,2023-01-23 12:10
Learning,30.81666667,2023-01-22 16:32,2023-01-22 17:02
Learning,37.2,2023-01-22 15:23,2023-01-22 16:00
Learning,25.43333333,2023-01-22 14:42,2023-01-22 15:07
Learning,47.11666667,2023-01-22 13:40,2023-01-22 14:27
Learning,56.8,2023-01-22 11:22,2023-01-22 12:19
Learning,96.76666667,2023-01-21 23:13,2023-01-22 00:50
Work,29.86666667,2023-01-20 14:53,2023-01-20 15:22
Work,34,2023-01-20 14:05,2023-01-20 14:39
Work,18.71666667,2023-01-20 11:37,2023-01-20 11:56
Work,21.7,2023-01-20 10:37,2023-01-20 10:59
Work,31.21666667,2023-01-20 10:00,2023-01-20 10:31
Work,10.01666667,2023-01-20 09:11,2023-01-20 09:21
Work,31.35,2023-01-19 19:09,2023-01-19 19:40
Work,23.68333333,2023-01-19 17:23,2023-01-19 17:47
Work,24.15,2023-01-19 13:44,2023-01-19 14:08
Work,19.98333333,2023-01-19 13:06,2023-01-19 13:26
Work,35.83333333,2023-01-18 16:26,2023-01-18 17:02
Work,26.56666667,2023-01-18 15:52,2023-01-18 16:19
Work,25.33333333,2023-01-18 15:22,2023-01-18 15:47
Work,43.63333333,2023-01-18 13:56,2023-01-18 14:40
Work,54.9,2023-01-18 12:16,2023-01-18 13:11
Work,33.71666667,2023-01-18 11:24,2023-01-18 11:57
Work,45.71666667,2023-01-17 18:04,2023-01-17 18:49
Work,28.56666667,2023-01-17 17:12,2023-01-17 17:41
Work,25.36666667,2023-01-17 15:13,2023-01-17 15:39
Work,16,2023-01-17 14:35,2023-01-17 14:51
Work,23.51666667,2023-01-17 11:35,2023-01-17 11:59
Work,30.4,2023-01-16 17:37,2023-01-16 18:08
Work,47.98333333,2023-01-16 16:28,2023-01-16 17:16
Work,42.2,2023-01-16 15:02,2023-01-16 15:44
Work,27.61666667,2023-01-16 13:36,2023-01-16 14:04
Work,13.16666667,2023-01-16 11:15,2023-01-16 11:28
Work,30.6,2023-01-16 10:01,2023-01-16 10:31
Work,10.68333333,2023-01-16 09:07,2023-01-16 09:18
Work,21.4,2023-01-13 15:38,2023-01-13 15:59
Work,22.8,2023-01-13 15:01,2023-01-13 15:23
Work,46.21666667,2023-01-13 11:14,2023-01-13 12:01
Work,26.76666667,2023-01-13 10:26,2023-01-13 10:52
Work,31.61666667,2023-01-13 09:45,2023-01-13 10:17
Work,9.033333333,2023-01-13 09:11,2023-01-13 09:20
Work,20.23333333,2023-01-12 16:32,2023-01-12 16:52
Work,25.83333333,2023-01-12 14:05,2023-01-12 14:31
Work,22.98333333,2023-01-12 10:07,2023-01-12 10:30
Work,15.35,2023-01-12 09:06,2023-01-12 09:21
Work,63.9,2023-01-11 17:29,2023-01-11 18:33
Work,38.78333333,2023-01-11 15:58,2023-01-11 16:37
Work,29.75,2023-01-11 15:18,2023-01-11 15:48
Work,21.61666667,2023-01-11 10:25,2023-01-11 10:46
Work,34.11666667,2023-01-10 17:16,2023-01-10 17:50
Work,29.88333333,2023-01-10 15:11,2023-01-10 15:41
Work,25.35,2023-01-10 14:23,2023-01-10 14:48
Work,26.41666667,2023-01-10 11:12,2023-01-10 11:39
Work,18.53333333,2023-01-10 10:28,2023-01-10 10:46
Work,8.533333333,2023-01-10 09:11,2023-01-10 09:20
Work,40.86666667,2023-01-09 18:34,2023-01-09 19:14
Work,37.38333333,2023-01-09 17:01,2023-01-09 17:38
Work,27.5,2023-01-09 16:17,2023-01-09 16:45
Work,33.66666667,2023-01-09 15:19,2023-01-09 15:53
Work,36.3,2023-01-09 12:55,2023-01-09 13:31
Learning,25.11666667,2023-01-09 11:37,2023-01-09 12:03
Learning,25.41666667,2023-01-07 21:36,2023-01-07 22:01
Work,45.21666667,2023-01-06 16:41,2023-01-06 17:26
Work,27.46666667,2023-01-06 15:57,2023-01-06 16:24
Work,28.91666667,2023-01-06 11:32,2023-01-06 12:01
Work,25.76666667,2023-01-06 11:02,2023-01-06 11:28
Work,25.78333333,2023-01-06 10:22,2023-01-06 10:47
Work,21.15,2023-01-06 08:54,2023-01-06 09:15
Work,57.88333333,2023-01-05 19:27,2023-01-05 20:25
Work,25.53333333,2023-01-05 18:09,2023-01-05 18:34
Work,27.61666667,2023-01-05 17:29,2023-01-05 17:56
Work,23.5,2023-01-05 15:04,2023-01-05 15:28
Work,8,2023-01-05 14:22,2023-01-05 14:30
Work,37.81666667,2023-01-05 12:14,2023-01-05 12:52
Work,45.23333333,2023-01-05 10:19,2023-01-05 11:04
Work,41.51666667,2023-01-05 08:39,2023-01-05 09:21
Work,45.51666667,2023-01-04 18:13,2023-01-04 18:58
Work,35.93333333,2023-01-04 17:12,2023-01-04 17:48
Work,21.1,2023-01-04 16:12,2023-01-04 16:33
Work,31.58333333,2023-01-04 13:09,2023-01-04 13:41
Work,12,2023-01-04 11:18,2023-01-04 11:30
Work,9.65,2023-01-04 09:11,2023-01-04 09:21
Work,25.76666667,2023-01-04 08:35,2023-01-04 09:00
Work,32.76666667,2023-01-03 22:12,2023-01-03 22:45
Work,17.85,2023-01-03 21:10,2023-01-03 21:28
Work,26.2,2023-01-03 19:31,2023-01-03 19:57
Work,25.93333333,2023-01-03 17:51,2023-01-03 18:17
Work,26.88333333,2023-01-03 16:44,2023-01-03 17:11
Work,34.86666667,2023-01-03 13:51,2023-01-03 14:26
Work,32.88333333,2023-01-03 11:07,2023-01-03 11:40
Work,53.76666667,2022-12-28 19:36,2022-12-28 20:30
Work,14.08333333,2022-12-28 16:56,2022-12-28 17:10
Work,25.61666667,2022-12-28 16:06,2022-12-28 16:32
Work,16.9,2022-12-28 14:29,2022-12-28 14:46
Work,27.86666667,2022-12-28 12:40,2022-12-28 13:08
Work,25.5,2022-12-28 11:25,2022-12-28 11:51
Work,6.75,2022-12-28 10:38,2022-12-28 10:45
Work,8.5,2022-12-28 09:13,2022-12-28 09:21
Work,27.63333333,2022-12-28 08:35,2022-12-28 09:02
Work,29.95,2022-12-27 15:32,2022-12-27 16:02
Work,34.13333333,2022-12-27 11:02,2022-12-27 11:37
Work,28.2,2022-12-27 08:53,2022-12-27 09:22
Work,25.2,2022-12-27 08:13,2022-12-27 08:38
Work,27.45,2022-12-26 22:48,2022-12-26 23:16
Work,29.06666667,2022-12-26 21:47,2022-12-26 22:16
Work,25.61666667,2022-12-26 19:53,2022-12-26 20:19
Work,26.01666667,2022-12-26 18:39,2022-12-26 19:05
Work,30.85,2022-12-26 17:29,2022-12-26 18:00
Work,28.68333333,2022-12-26 16:22,2022-12-26 16:50
Work,28.78333333,2022-12-26 15:30,2022-12-26 15:59
Work,31.23333333,2022-12-26 13:56,2022-12-26 14:27
Work,26.55,2022-12-26 12:24,2022-12-26 12:51
Work,25.75,2022-12-26 11:34,2022-12-26 12:00
Work,25.46666667,2022-12-26 10:52,2022-12-26 11:17
Work,13,2022-12-26 09:07,2022-12-26 09:20
Work,33.9,2022-12-25 18:03,2022-12-25 18:37
Work,33.5,2022-12-25 16:52,2022-12-25 17:26
Work,27.66666667,2022-12-25 15:45,2022-12-25 16:12
Work,25.9,2022-12-25 15:06,2022-12-25 15:31
Work,25.28333333,2022-12-25 13:44,2022-12-25 14:10
Work,17.08333333,2022-12-23 11:28,2022-12-23 11:45
Work,36.98333333,2022-12-22 13:52,2022-12-22 14:29
Work,7.25,2022-12-22 11:52,2022-12-22 11:59
Work,46.58333333,2022-12-21 17:33,2022-12-21 18:20
Work,23.11666667,2022-12-21 15:53,2022-12-21 16:16
Work,27.46666667,2022-12-21 15:10,2022-12-21 15:37
Work,32.05,2022-12-21 11:05,2022-12-21 11:37
Work,28.96666667,2022-12-21 10:29,2022-12-21 10:58
Work,27.6,2022-12-21 09:55,2022-12-21 10:23
Work,52.8,2022-12-20 21:31,2022-12-20 22:24
Work,24.41666667,2022-12-20 20:39,2022-12-20 21:03
Work,25.81666667,2022-12-20 17:57,2022-12-20 18:23
Work,25.45,2022-12-20 16:35,2022-12-20 17:00
Work,21.23333333,2022-12-20 15:57,2022-12-20 16:19
Work,43.8,2022-12-20 14:17,2022-12-20 15:01
Work,16,2022-12-20 12:45,2022-12-20 13:01
Work,16.66666667,2022-12-20 09:03,2022-12-20 09:19
Work,31.2,2022-12-19 19:09,2022-12-19 19:40
Work,43.45,2022-12-19 15:17,2022-12-19 16:00
Work,25.06666667,2022-12-19 14:39,2022-12-19 15:04
Work,30.85,2022-12-19 13:56,2022-12-19 14:27
Work,25.78333333,2022-12-19 11:56,2022-12-19 12:22
Work,25.35,2022-12-19 11:25,2022-12-19 11:51
Work,27.16666667,2022-12-19 10:04,2022-12-19 10:31
Work,46.5,2022-12-18 21:02,2022-12-18 21:49
Work,33,2022-12-18 19:36,2022-12-18 20:09
Work,33.55,2022-12-18 17:01,2022-12-18 17:34
Work,35.06666667,2022-12-18 17:01,2022-12-18 17:36
Work,25,2022-12-16 18:54,2022-12-16 19:19
Work,46.4,2022-12-16 17:58,2022-12-16 18:44
Work,42.85,2022-12-16 16:58,2022-12-16 17:41
Work,40.26666667,2022-12-16 11:20,2022-12-16 12:00
Work,40.15,2022-12-16 10:19,2022-12-16 10:59
Work,42.45,2022-12-15 18:55,2022-12-15 19:38
Work,38.46666667,2022-12-15 17:47,2022-12-15 18:25
Work,33.16666667,2022-12-15 14:00,2022-12-15 14:33
Work,36.61666667,2022-12-15 13:15,2022-12-15 13:52
Work,34.06666667,2022-12-15 11:54,2022-12-15 12:28
Work,28.38333333,2022-12-15 11:15,2022-12-15 11:43
Work,26.91666667,2022-12-15 10:37,2022-12-15 11:04
Work,20.8,2022-12-14 19:07,2022-12-14 19:28
Work,33.78333333,2022-12-14 17:53,2022-12-14 18:26
Work,13.33333333,2022-12-14 16:00,2022-12-14 16:13
Work,45.26666667,2022-12-14 11:14,2022-12-14 12:00
Work,6.483333333,2022-12-14 10:38,2022-12-14 10:45
Work,35.55,2022-12-13 18:32,2022-12-13 19:08
Work,43.56666667,2022-12-13 17:23,2022-12-13 18:07
Work,27.18333333,2022-12-13 15:45,2022-12-13 16:12
Work,28.78333333,2022-12-13 12:40,2022-12-13 13:08
Work,34.68333333,2022-12-13 11:27,2022-12-13 12:02
Work,28.05,2022-12-13 10:22,2022-12-13 10:50
Work,30.06666667,2022-12-12 16:24,2022-12-12 16:54
Work,35.33333333,2022-12-12 15:25,2022-12-12 16:00
Work,13.35,2022-12-12 10:48,2022-12-12 11:01
Work,20.28333333,2022-12-12 10:07,2022-12-12 10:28
Work,29.55,2022-12-12 01:17,2022-12-12 01:47
Work,55.23333333,2022-12-11 23:52,2022-12-12 00:47
Work,25,2022-12-11 21:00,2022-12-11 21:25
Work,27.2,2022-12-11 19:59,2022-12-11 20:26
Work,31.08333333,2022-12-11 19:17,2022-12-11 19:48
Work,29.33333333,2022-12-11 17:54,2022-12-11 18:24
Work,53.56666667,2022-12-10 23:14,2022-12-11 00:08
Work,18.06666667,2022-12-10 19:07,2022-12-10 19:25
Work,27.51666667,2022-12-10 18:16,2022-12-10 18:44
Work,26.56666667,2022-12-10 17:33,2022-12-10 18:00
Work,34.76666667,2022-12-09 15:39,2022-12-09 16:14
Work,54.25,2022-12-09 12:31,2022-12-09 13:25
Work,33.63333333,2022-12-09 10:27,2022-12-09 11:00
Work,37.38333333,2022-12-09 00:57,2022-12-09 01:52
Work,32.06666667,2022-12-08 23:41,2022-12-09 00:14
Work,18.58333333,2022-12-08 22:35,2022-12-08 22:54
Work,27.11666667,2022-12-08 21:35,2022-12-08 22:02
Work,27.13333333,2022-12-08 19:48,2022-12-08 20:15
Work,25.41666667,2022-12-07 18:49,2022-12-07 19:15
Work,16.93333333,2022-12-07 17:47,2022-12-07 18:03
Work,13.86666667,2022-12-07 16:16,2022-12-07 16:30
Work,22.56666667,2022-12-07 15:25,2022-12-07 15:47
Work,20.53333333,2022-12-07 11:37,2022-12-07 11:57
Work,25.88333333,2022-12-07 10:06,2022-12-07 10:32
Work,25.25,2022-12-06 17:24,2022-12-06 17:49
Work,27.16666667,2022-12-06 16:23,2022-12-06 16:50
Work,25.71666667,2022-12-06 15:37,2022-12-06 16:03
Work,25.7,2022-12-06 14:41,2022-12-06 15:06
Work,25.23333333,2022-12-06 14:05,2022-12-06 14:31
Work,37.25,2022-12-06 12:26,2022-12-06 13:04
Work,27.9,2022-12-05 20:28,2022-12-05 20:56
Work,25.2,2022-12-05 18:00,2022-12-05 18:40
Work,25.91666667,2022-12-05 16:50,2022-12-05 17:16
Work,32.26666667,2022-12-05 15:05,2022-12-05 15:38
Work,25.36666667,2022-12-05 14:11,2022-12-05 14:37
Work,34.26666667,2022-12-05 11:13,2022-12-05 11:47
Work,16.5,2022-12-05 10:13,2022-12-05 10:30
Work,21.98333333,2022-12-01 14:58,2022-12-01 15:20
Work,22.66666667,2022-12-01 13:21,2022-12-01 13:43
Work,19.61666667,2022-12-01 11:59,2022-12-01 12:19
Work,26.2,2022-12-01 10:36,2022-12-01 11:02
Work,28.51666667,2022-11-30 16:48,2022-11-30 17:17
Work,26.65,2022-11-30 15:59,2022-11-30 16:25
Work,25.3,2022-11-30 14:56,2022-11-30 15:21
Work,25.16666667,2022-11-30 14:19,2022-11-30 14:44
Work,24.91666667,2022-11-30 11:35,2022-11-30 12:00
Work,12.81666667,2022-11-30 10:32,2022-11-30 10:45
Work,25.43333333,2022-11-30 09:58,2022-11-30 10:24
Work,27.9,2022-11-30 08:54,2022-11-30 09:21
Work,23.8,2022-11-29 21:37,2022-11-29 22:01
Work,32.6,2022-11-29 20:46,2022-11-29 21:18
Work,25.35,2022-11-29 18:56,2022-11-29 19:21
Work,27.81666667,2022-11-29 17:55,2022-11-29 18:23
Work,25.65,2022-11-29 16:36,2022-11-29 17:02
Work,25.23333333,2022-11-29 12:30,2022-11-29 12:55
Work,25,2022-11-29 11:00,2022-11-29 11:25
Work,14.41666667,2022-11-29 09:46,2022-11-29 10:00
Work,18.33333333,2022-11-29 09:02,2022-11-29 09:20
Work,32.71666667,2022-11-28 16:20,2022-11-28 16:53
Work,31.65,2022-11-28 15:03,2022-11-28 15:35
Work,26.11666667,2022-11-28 14:05,2022-11-28 14:31
Work,32.83333333,2022-11-28 12:13,2022-11-28 12:46
Work,25.71666667,2022-11-28 10:48,2022-11-28 11:13
Work,13.61666667,2022-11-28 10:17,2022-11-28 10:31
Work,39.43333333,2022-11-27 18:06,2022-11-27 18:45
Work,25.3,2022-11-27 17:16,2022-11-27 17:41
Work,28.9,2022-11-25 20:28,2022-11-25 20:57
Work,24.96666667,2022-11-25 19:32,2022-11-25 19:57
Work,27.03333333,2022-11-25 18:57,2022-11-25 19:24
Work,26.48333333,2022-11-25 17:14,2022-11-25 17:41
Work,25.46666667,2022-11-25 15:55,2022-11-25 16:21
Work,21.85,2022-11-25 15:02,2022-11-25 15:23
Work,15.31666667,2022-11-25 14:14,2022-11-25 14:29
Work,15.36666667,2022-11-25 11:13,2022-11-25 11:28
Work,41.13333333,2022-11-25 09:59,2022-11-25 10:40
Work,23.91666667,2022-11-25 08:56,2022-11-25 09:20
Work,25.93333333,2022-11-24 20:13,2022-11-24 20:39
Work,32.5,2022-11-24 19:16,2022-11-24 19:49
Work,30.78333333,2022-11-24 18:25,2022-11-24 18:56
Work,25.8,2022-11-24 17:35,2022-11-24 18:01
Work,28.43333333,2022-11-24 13:56,2022-11-24 14:24
Work,26.53333333,2022-11-24 13:12,2022-11-24 13:39
Work,6.566666667,2022-11-24 10:14,2022-11-24 10:21
Work,25.93333333,2022-11-23 14:27,2022-11-23 14:53
Work,25.5,2022-11-23 13:43,2022-11-23 14:08
Work,27.68333333,2022-11-23 11:48,2022-11-23 12:16
Work,15.93333333,2022-11-23 10:29,2022-11-23 10:45
Work,15,2022-11-23 10:00,2022-11-23 10:15
Work,22.28333333,2022-11-22 20:03,2022-11-22 20:26
Work,25.51666667,2022-11-22 19:13,2022-11-22 19:38
Work,27.1,2022-11-22 16:40,2022-11-22 17:07
Work,36.51666667,2022-11-22 15:49,2022-11-22 16:25
Work,27.76666667,2022-11-22 15:09,2022-11-22 15:36
Work,25.35,2022-11-22 14:35,2022-11-22 15:01
Work,15.36666667,2022-11-22 09:05,2022-11-22 09:20
Work,26.13333333,2022-11-21 18:51,2022-11-21 19:17
Work,22.88333333,2022-11-21 18:00,2022-11-21 18:23
Work,27.23333333,2022-11-21 17:17,2022-11-21 17:44
Work,25.96666667,2022-11-21 16:24,2022-11-21 16:50
Work,32.03333333,2022-11-21 15:12,2022-11-21 15:44
Work,7.833333333,2022-11-21 12:22,2022-11-21 12:30
Work,31.45,2022-11-21 11:06,2022-11-21 11:38
Work,9.3,2022-11-21 10:21,2022-11-21 10:30
Work,40.35,2022-11-18 14:32,2022-11-18 15:12
Work,71.6,2022-11-18 10:19,2022-11-18 11:31
Work,10.2,2022-11-18 09:10,2022-11-18 09:20
Work,40.16666667,2022-11-17 19:15,2022-11-17 19:55
Work,26.78333333,2022-11-17 18:27,2022-11-17 18:53
Work,25.78333333,2022-11-17 17:37,2022-11-17 18:03
Work,37.38333333,2022-11-17 13:54,2022-11-17 14:32
Work,25.2,2022-11-17 10:48,2022-11-17 11:13
Work,8.35,2022-11-17 09:13,2022-11-17 09:21
Work,26.93333333,2022-11-17 08:30,2022-11-17 08:57
Work,31.63333333,2022-11-16 18:49,2022-11-16 19:21
Work,14.23333333,2022-11-16 17:21,2022-11-16 17:35
Work,25.51666667,2022-11-16 16:37,2022-11-16 17:03
Work,28.85,2022-11-16 15:51,2022-11-16 16:19
Work,29.6,2022-11-16 15:03,2022-11-16 15:33
Work,25.21666667,2022-11-16 14:15,2022-11-16 14:40
Work,16,2022-11-16 11:33,2022-11-16 11:49
Work,15.75,2022-11-16 09:03,2022-11-16 09:18
Learning,30,2022-11-15 15:00,2022-11-15 15:30
Work,25.73333333,2022-11-15 14:26,2022-11-15 14:52
Work,25.36666667,2022-11-15 12:13,2022-11-15 12:38
Work,28.65,2022-11-15 11:15,2022-11-15 11:43
Work,13.01666667,2022-11-15 09:47,2022-11-15 10:00
Work,27.08333333,2022-11-15 08:50,2022-11-15 09:18
Work,31.21666667,2022-11-14 18:16,2022-11-14 18:47
Work,30.7,2022-11-14 17:26,2022-11-14 17:57
Work,28.36666667,2022-11-14 16:44,2022-11-14 17:12
Work,34.06666667,2022-11-14 15:50,2022-11-14 16:24
Work,27.66666667,2022-11-14 15:02,2022-11-14 15:30
Work,20.15,2022-11-14 14:08,2022-11-14 14:28
Work,15,2022-11-14 11:05,2022-11-14 11:20
Work,9.866666667,2022-11-14 10:06,2022-11-14 10:16
Work,54.76666667,2022-11-10 16:28,2022-11-10 17:22
Work,23.56666667,2022-11-10 14:36,2022-11-10 14:59
Work,10,2022-11-10 14:06,2022-11-10 14:16
Work,35.38333333,2022-11-10 09:54,2022-11-10 10:30
Work,24.91666667,2022-11-10 08:53,2022-11-10 09:18
Work,29.51666667,2022-11-09 18:29,2022-11-09 18:59
Work,43.9,2022-11-09 17:27,2022-11-09 18:10
Work,19.13333333,2022-11-09 16:59,2022-11-09 17:18
Work,11.51666667,2022-11-09 16:33,2022-11-09 16:44
Work,25,2022-11-09 15:54,2022-11-09 16:19
Work,20.18333333,2022-11-09 11:39,2022-11-09 11:59
Work,38.51666667,2022-11-08 15:06,2022-11-08 15:44
Work,66.76666667,2022-11-08 12:57,2022-11-08 14:04
Work,39.01666667,2022-11-08 11:05,2022-11-08 11:44
Work,34.28333333,2022-11-08 08:46,2022-11-08 09:20
Work,24.71666667,2022-11-07 20:40,2022-11-07 21:05
Work,25.91666667,2022-11-07 19:51,2022-11-07 20:17
Work,30.1,2022-11-07 17:52,2022-11-07 18:22
Work,40.8,2022-11-07 16:27,2022-11-07 17:08
Work,34.96666667,2022-11-07 15:29,2022-11-07 16:04
Work,27.48333333,2022-11-07 14:47,2022-11-07 15:14
Work,25.46666667,2022-11-07 14:10,2022-11-07 14:36
Work,10.7,2022-11-07 09:09,2022-11-07 09:20
Work,13.15,2022-11-06 20:47,2022-11-06 21:00
Work,15.55,2022-11-06 20:19,2022-11-06 20:35
Work,23.6,2022-11-06 19:41,2022-11-06 20:05
Work,23,2022-11-06 18:22,2022-11-06 18:45
Work,20.38333333,2022-11-06 17:37,2022-11-06 17:57
Work,19.55,2022-11-06 15:41,2022-11-06 16:01
Work,32.33333333,2022-11-06 14:58,2022-11-06 15:30
Work,26.56666667,2022-11-06 14:22,2022-11-06 14:49
Work,27.45,2022-11-04 19:59,2022-11-04 20:26
Work,25.55,2022-11-04 19:17,2022-11-04 19:43
Work,12.86666667,2022-11-04 18:37,2022-11-04 18:50
Work,29.93333333,2022-11-04 17:57,2022-11-04 18:27
Work,27.26666667,2022-11-04 17:17,2022-11-04 17:44
Work,29.71666667,2022-11-04 15:08,2022-11-04 15:38
Work,23.26666667,2022-11-03 08:56,2022-11-03 09:20
Work,32.15,2022-11-02 16:42,2022-11-02 17:14
Work,25.43333333,2022-11-02 14:44,2022-11-02 15:10
Learning,47.5,2022-10-30 23:45,2022-10-31 00:32
Learning,65.53333333,2022-10-30 21:47,2022-10-30 22:52
Work,29.55,2022-10-28 15:29,2022-10-28 15:59
Work,41.45,2022-10-28 14:44,2022-10-28 15:25
Work,45.53333333,2022-10-28 12:51,2022-10-28 13:37
Work,34.75,2022-10-28 12:08,2022-10-28 12:43
Work,36.15,2022-10-28 11:12,2022-10-28 11:48
Work,28.75,2022-10-28 10:29,2022-10-28 10:58
Work,16.35,2022-10-28 09:41,2022-10-28 09:57
Work,12.31666667,2022-10-28 09:07,2022-10-28 09:19
Work,35.98333333,2022-10-27 17:36,2022-10-27 18:12
Work,31.1,2022-10-27 16:09,2022-10-27 16:40
Work,12.23333333,2022-10-27 14:47,2022-10-27 14:59
Work,40.36666667,2022-10-27 13:51,2022-10-27 14:32
Work,15.13333333,2022-10-27 10:08,2022-10-27 10:23
Work,26.71666667,2022-10-26 18:41,2022-10-26 19:07
Work,3.983333333,2022-10-26 17:28,2022-10-26 17:57
Work,36.05,2022-10-26 16:41,2022-10-26 17:17
Work,15.55,2022-10-26 14:38,2022-10-26 14:53
Learning,50,2022-10-26 12:00,2022-10-26 12:50
Work,18.21666667,2022-10-26 11:32,2022-10-26 11:50
Work,15.36666667,2022-10-26 10:15,2022-10-26 10:30
Work,10.9,2022-10-26 09:06,2022-10-26 09:17
Work,27.86666667,2022-10-25 18:44,2022-10-25 19:17
Work,25.61666667,2022-10-25 18:11,2022-10-25 18:37
Work,11.98333333,2022-10-25 17:18,2022-10-25 17:30
Work,19.33333333,2022-10-25 16:41,2022-10-25 17:00
Work,26.43333333,2022-10-25 16:07,2022-10-25 16:34
Work,15.5,2022-10-25 15:29,2022-10-25 15:44
Work,20.13333333,2022-10-25 12:45,2022-10-25 13:06
Work,35.3,2022-10-25 11:23,2022-10-25 11:58
Work,29.2,2022-10-25 08:50,2022-10-25 09:19
Work,29.55,2022-10-24 16:33,2022-10-24 17:03
Work,26.58333333,2022-10-24 14:50,2022-10-24 15:16
Work,25.36666667,2022-10-24 14:18,2022-10-24 14:43
Work,18.61666667,2022-10-24 11:41,2022-10-24 11:59
Work,26,2022-10-24 09:58,2022-10-24 10:24
Work,11.71666667,2022-10-24 09:08,2022-10-24 09:20
Work,24.06666667,2022-10-21 15:05,2022-10-21 15:30
Work,27.01666667,2022-10-21 14:22,2022-10-21 14:58
Work,20.76666667,2022-10-21 11:08,2022-10-21 11:29
Work,37.71666667,2022-10-21 10:22,2022-10-21 11:00
Work,25.93333333,2022-10-20 17:14,2022-10-20 17:40
Work,25.25,2022-10-20 14:33,2022-10-20 14:58
Work,25.26666667,2022-10-20 13:59,2022-10-20 14:25
Work,26.18333333,2022-10-20 12:45,2022-10-20 13:11
Work,20.25,2022-10-20 10:09,2022-10-20 10:29
Work,25.86666667,2022-10-20 08:41,2022-10-20 09:07
Work,21,2022-10-19 17:00,2022-10-19 17:21
Work,19.43333333,2022-10-19 15:40,2022-10-19 15:59
Work,15.2,2022-10-19 14:59,2022-10-19 15:14
Work,26.4,2022-10-19 12:41,2022-10-19 13:07
Work,15.18333333,2022-10-19 11:44,2022-10-19 11:59
Work,27.48333333,2022-10-19 10:12,2022-10-19 10:40
Work,25.38333333,2022-10-19 08:48,2022-10-19 09:18
Work,25.25,2022-10-18 17:16,2022-10-18 17:41
Work,26.66666667,2022-10-18 16:34,2022-10-18 17:01
Work,16.41666667,2022-10-18 15:43,2022-10-18 16:00
Work,25.2,2022-10-18 14:54,2022-10-18 15:19
Work,23.98333333,2022-10-18 13:09,2022-10-18 13:33
Work,10.85,2022-10-18 11:39,2022-10-18 11:50
Work,23.6,2022-10-18 08:46,2022-10-18 09:10
Work,21.41666667,2022-10-17 16:32,2022-10-17 16:53
Work,35,2022-10-17 15:32,2022-10-17 16:07
Work,17.5,2022-10-17 13:58,2022-10-17 14:15
Work,25.3,2022-10-17 12:45,2022-10-17 13:10
Work,33.65,2022-10-17 11:52,2022-10-17 12:35
Work,16.1,2022-10-17 11:20,2022-10-17 11:36
Work,6.116666667,2022-10-17 10:22,2022-10-17 10:28
Work,23.73333333,2022-10-17 08:56,2022-10-17 09:19
Work,39.4,2022-10-14 15:25,2022-10-14 16:04
Work,60.56666667,2022-10-14 09:59,2022-10-14 11:00
Work,16.06666667,2022-10-14 09:05,2022-10-14 09:21
Work,31.73333333,2022-10-12 17:14,2022-10-12 17:46
Work,30.33333333,2022-10-12 16:06,2022-10-12 16:37
Work,28.7,2022-10-12 13:32,2022-10-12 14:01
Work,68.18333333,2022-10-12 12:14,2022-10-12 13:27
Work,25.95,2022-10-12 09:50,2022-10-12 10:16
Work,52.66666667,2022-10-12 08:26,2022-10-12 09:19
Work,69.43333333,2022-10-11 20:13,2022-10-11 21:22
Work,33.16666667,2022-10-11 19:08,2022-10-11 19:41
Work,15.68333333,2022-10-11 16:46,2022-10-11 17:01
Work,35.3,2022-10-11 15:58,2022-10-11 16:34
Work,30.26666667,2022-10-11 15:22,2022-10-11 15:52
Work,26.83333333,2022-10-11 14:36,2022-10-11 15:03
Work,25,2022-10-11 14:08,2022-10-11 14:33
Work,10.81666667,2022-10-11 12:52,2022-10-11 13:03
Work,15.21666667,2022-10-11 11:30,2022-10-11 11:45
Work,15.03333333,2022-10-11 10:43,2022-10-11 10:58
Work,30.1,2022-10-11 08:48,2022-10-11 09:18
Work,27.43333333,2022-10-10 20:35,2022-10-10 21:03
Work,26.18333333,2022-10-10 18:24,2022-10-10 18:50
Work,29.35,2022-10-10 17:43,2022-10-10 18:13
Work,47,2022-10-07 15:13,2022-10-07 16:00
Work,26.4,2022-10-07 14:40,2022-10-07 15:06
Work,20.08333333,2022-10-07 11:02,2022-10-07 11:22
Work,57.3,2022-10-07 09:48,2022-10-07 10:45
Work,5.7,2022-10-07 09:15,2022-10-07 09:20
Work,63.05,2022-10-06 16:59,2022-10-06 18:02
Work,31.43333333,2022-10-06 16:13,2022-10-06 16:44
Work,8.083333333,2022-10-06 10:52,2022-10-06 11:01
Work,30.6,2022-10-06 08:49,2022-10-06 09:19
Work,27.66666667,2022-10-05 19:47,2022-10-05 20:15
Work,39.98333333,2022-10-05 16:20,2022-10-05 17:00
Work,18.21666667,2022-10-05 15:38,2022-10-05 15:56
Work,25.31666667,2022-10-05 15:01,2022-10-05 15:27
Work,32.98333333,2022-10-05 13:17,2022-10-05 13:50
Work,25.33333333,2022-10-05 12:09,2022-10-05 12:34
Work,46.6,2022-10-05 09:51,2022-10-05 10:38
Work,22.25,2022-10-05 08:56,2022-10-05 09:18
Work,33.81666667,2022-10-04 16:33,2022-10-04 17:06
Work,31.6,2022-10-04 15:40,2022-10-04 16:17
Work,30.91666667,2022-10-04 14:24,2022-10-04 14:55
Work,60.66666667,2022-10-04 11:03,2022-10-04 12:04
Work,13.58333333,2022-10-04 09:06,2022-10-04 09:20
Work,28.71666667,2022-10-03 20:13,2022-10-03 20:41
Work,26.48333333,2022-10-03 19:33,2022-10-03 19:59
Work,23.08333333,2022-10-03 18:44,2022-10-03 19:07
Work,26.58333333,2022-10-03 17:47,2022-10-03 18:13
Work,28.51666667,2022-10-03 16:45,2022-10-03 17:13
Work,27.96666667,2022-10-03 15:35,2022-10-03 16:03
Work,28.96666667,2022-10-03 14:55,2022-10-03 15:24
Work,27.9,2022-10-03 13:46,2022-10-03 14:13
Work,27.88333333,2022-10-03 12:27,2022-10-03 12:54
Work,28.15,2022-10-03 10:00,2022-10-03 10:28
Work,19.98333333,2022-10-03 08:56,2022-10-03 09:16
Work,25,2022-09-29 16:00,2022-09-29 16:25
Work,15.93333333,2022-09-29 14:45,2022-09-29 15:01
Work,38.1,2022-09-29 13:59,2022-09-29 14:37
Work,32.98333333,2022-09-29 08:46,2022-09-29 09:19
Work,15.75,2022-09-28 17:33,2022-09-28 17:49
Work,40.55,2022-09-28 16:31,2022-09-28 17:11
Work,15,2022-09-28 15:45,2022-09-28 16:00
Work,30.16666667,2022-09-28 14:24,2022-09-28 14:54
Work,46.61666667,2022-09-28 13:33,2022-09-28 14:19
Work,41.03333333,2022-09-28 11:15,2022-09-28 11:56
Work,16.78333333,2022-09-28 10:29,2022-09-28 10:46
Work,27.13333333,2022-09-28 09:50,2022-09-28 10:17
Work,5.616666667,2022-09-28 09:14,2022-09-28 09:20
Work,54.86666667,2022-09-27 15:53,2022-09-27 16:48
Work,51.28333333,2022-09-27 14:32,2022-09-27 15:23
Work,75,2022-09-27 11:00,2022-09-27 12:15
Work,25.36666667,2022-09-27 10:34,2022-09-27 11:00
Work,25.88333333,2022-09-27 08:56,2022-09-27 09:22
Work,56.48333333,2022-09-26 19:44,2022-09-26 20:44
Work,32.15,2022-09-26 18:48,2022-09-26 19:31
Work,52.95,2022-09-26 17:16,2022-09-26 18:09
Work,15,2022-09-26 16:30,2022-09-26 16:45
Work,27.98333333,2022-09-26 16:01,2022-09-26 16:29
Work,15,2022-09-26 15:30,2022-09-26 15:45
Work,10.96666667,2022-09-26 14:19,2022-09-26 14:30
Work,15,2022-09-26 11:45,2022-09-26 12:00
Work,26.73333333,2022-09-26 11:18,2022-09-26 11:45
Work,72.45,2022-09-23 22:53,2022-09-24 00:05
Work,57.5,2022-09-23 19:52,2022-09-23 20:50
Work,55.23333333,2022-09-23 15:07,2022-09-23 16:03
Work,56.31666667,2022-09-23 13:56,2022-09-23 14:52
Work,21.9,2022-09-23 11:07,2022-09-23 11:29
Work,25,2022-09-23 10:30,2022-09-23 10:55
Work,21.15,2022-09-23 09:59,2022-09-23 10:29
Work,6.4,2022-09-23 09:14,2022-09-23 09:21
Work,10.93333333,2022-09-22 16:53,2022-09-22 17:04
Work,15,2022-09-22 16:15,2022-09-22 16:30
Work,5.4,2022-09-22 16:09,2022-09-22 16:15
Work,41.16666667,2022-09-22 14:19,2022-09-22 15:00
Work,40,2022-09-22 11:00,2022-09-22 11:40
Work,15,2022-09-22 10:15,2022-09-22 10:30
Work,30.96666667,2022-09-21 16:34,2022-09-21 17:05
Work,15,2022-09-21 15:45,2022-09-21 16:00
Work,47.83333333,2022-09-21 14:54,2022-09-21 15:42
Work,51.75,2022-09-21 13:02,2022-09-21 13:54
Work,15,2022-09-21 11:00,2022-09-21 11:15
Work,10.96666667,2022-09-21 09:06,2022-09-21 09:17
Work,23.81666667,2022-09-20 17:01,2022-09-20 17:25
Work,15,2022-09-20 16:00,2022-09-20 16:15
Work,23.5,2022-09-20 15:31,2022-09-20 15:54
Work,42.66666667,2022-09-20 14:40,2022-09-20 15:22
Work,12.16666667,2022-09-20 12:37,2022-09-20 12:49
Work,15,2022-09-20 11:45,2022-09-20 12:00
Work,69,2022-09-20 10:13,2022-09-20 11:22
Work,14,2022-09-16 21:48,2022-09-16 22:02
Work,28.73333333,2022-09-16 21:00,2022-09-16 21:29
Learning,26.56666667,2022-09-16 19:45,2022-09-16 20:12
Learning,25.71666667,2022-09-16 19:02,2022-09-16 19:27
Learning,30.38333333,2022-09-16 18:24,2022-09-16 18:54
Work,28.9,2022-09-15 19:51,2022-09-15 20:20
Work,30.45,2022-09-15 19:02,2022-09-15 19:32
Work,31.5,2022-09-15 18:08,2022-09-15 18:40
Work,45.06666667,2022-09-15 14:21,2022-09-15 15:06
Work,59.95,2022-09-15 11:48,2022-09-15 12:48
Work,15,2022-09-14 17:24,2022-09-14 17:39
Work,30.51666667,2022-09-14 16:51,2022-09-14 17:22
Work,20,2022-09-14 16:00,2022-09-14 16:20
Work,25.06666667,2022-09-14 15:34,2022-09-14 16:00
Work,57.51666667,2022-09-14 14:10,2022-09-14 15:08
Work,35.98333333,2022-09-14 12:05,2022-09-14 12:41
Work,40.18333333,2022-09-14 11:23,2022-09-14 12:03
Work,6.616666667,2022-09-14 10:39,2022-09-14 10:46
Work,37.88333333,2022-09-14 09:42,2022-09-14 10:20
Work,5.216666667,2022-09-14 09:14,2022-09-14 09:19
Work,44.5,2022-09-13 16:16,2022-09-13 17:01
Work,57.05,2022-09-13 14:44,2022-09-13 15:41
Work,27.3,2022-09-13 13:03,2022-09-13 13:30
Work,6.35,2022-09-13 11:51,2022-09-13 11:58
Work,13.65,2022-09-13 11:15,2022-09-13 11:28
Work,25.8,2022-09-13 10:45,2022-09-13 11:11
Work,43.86666667,2022-09-13 09:46,2022-09-13 10:30
Work,7.666666667,2022-09-13 09:13,2022-09-13 09:20
Work,37.96666667,2022-09-12 16:32,2022-09-12 17:10
Work,10,2022-09-12 16:00,2022-09-12 16:10
Work,10.53333333,2022-09-12 14:06,2022-09-12 14:16
Work,45.21666667,2022-09-12 11:08,2022-09-12 11:53
Work,40.06666667,2022-09-12 10:02,2022-09-12 10:42
Work,5.55,2022-09-12 09:15,2022-09-12 09:20
Work,54.06666667,2022-09-09 10:31,2022-09-09 11:25
Work,66,2022-09-09 09:07,2022-09-09 10:13
Work,55.4,2022-09-08 17:45,2022-09-08 18:40
Work,57.91666667,2022-09-08 16:26,2022-09-08 17:24
Work,25.15,2022-09-08 14:31,2022-09-08 14:56
Work,18.4,2022-09-08 12:44,2022-09-08 13:03
Work,23.58333333,2022-09-08 10:33,2022-09-08 10:56
Work,20.51666667,2022-09-08 10:04,2022-09-08 10:25
Work,32.83333333,2022-09-08 09:12,2022-09-08 09:45
Work,45.08333333,2022-09-07 16:29,2022-09-07 17:14
Work,30.26666667,2022-09-07 15:45,2022-09-07 16:15
Work,35.06666667,2022-09-07 14:36,2022-09-07 15:11
Work,60.05,2022-09-07 11:58,2022-09-07 12:58
Work,16.4,2022-09-07 11:04,2022-09-07 11:20
Work,15.05,2022-09-07 10:29,2022-09-07 10:44
Work,19.66666667,2022-09-07 09:09,2022-09-07 09:29
Work,42.46666667,2022-09-06 16:44,2022-09-06 17:26
Work,25,2022-09-06 11:30,2022-09-06 11:55
Work,27.61666667,2022-09-06 11:01,2022-09-06 11:29
Work,38,2022-09-06 09:38,2022-09-06 10:16
Work,50.06666667,2022-09-05 16:57,2022-09-05 17:47
Work,25,2022-09-05 14:00,2022-09-05 14:25
Work,27.25,2022-09-05 11:31,2022-09-05 11:58
Work,30.56666667,2022-09-05 10:10,2022-09-05 10:41
Work,28.95,2022-09-05 09:37,2022-09-05 10:05
Work,40.65,2022-09-04 15:17,2022-09-04 15:58
Learning,24.95,2022-09-04 00:01,2022-09-04 00:26
Work,50.51666667,2022-09-02 15:40,2022-09-02 16:31
Work,50.06666667,2022-09-02 14:05,2022-09-02 14:55
Work,45.8,2022-09-02 09:39,2022-09-02 10:25
Work,20.38333333,2022-09-01 16:50,2022-09-01 17:10
Work,26.7,2022-09-01 16:05,2022-09-01 16:31
Work,40,2022-09-01 15:01,2022-09-01 15:41
Work,43.56666667,2022-09-01 14:11,2022-09-01 15:00
Work,35.11666667,2022-09-01 10:22,2022-09-01 10:57
Work,30.15,2022-09-01 08:59,2022-09-01 09:29
Work,41.28333333,2022-08-31 16:24,2022-08-31 17:08
Work,26.66666667,2022-08-31 15:26,2022-08-31 15:53
Work,35.41666667,2022-08-31 14:28,2022-08-31 15:04
Work,115,2022-08-31 08:53,2022-08-31 10:48
Work,45,2022-08-30 19:00,2022-08-30 19:45
Work,235,2022-08-30 08:45,2022-08-30 12:40
Work,76,2022-08-29 14:30,2022-08-29 15:46
